"url","page_type","category","source_file","http_status_evidence","redirect_target","title","canonical_evidence","robots_evidence","in_sitemap","user_intent","unique_value","content_source_link_status","function_test_result","duplicate_group","decision","priority","evidence_level","task_status","revalidation","traffic_index_backlink"
"https://spinkorea.kr/","static_page","core","src/pages/*.tsx via src/App.tsx","NOT_VERIFIED (no live HTTP GET against production this session; dev server only)","","온라인 룰렛 돌리기 | 무료 원판돌리기·스핀 추첨","NOT_VERIFIED individually this session (SEO.tsx가 자기 URL을 canonical로 설정하는 공통 컴포넌트 사용, 코드상 확인)","NOT_VERIFIED individually (robots.txt는 전체 허용, 페이지별 meta robots 미점검)","Y","SpinFlow는 결정이 필요한 순간에 룰렛, 추첨, 계산, 변환 도구를 바로 제공하는 무료 유틸리티 사이트입니다.","","PRIOR_SESSION_VERIFIED (2026-08-30 mobile/desktop, see PROJECT_STATE.md); not re-tested this session","CONFIRMED","","KEEP","P2","CONFIRMED","DONE (this session)","2026-09-12","UNKNOWN"
"https://spinkorea.kr/spinflow","static_page","core","src/pages/*.tsx via src/App.tsx","NOT_VERIFIED (no live HTTP GET against production this session; dev server only)","","SpinFlow 룰렛 | 원판돌리기 바로가기","NOT_VERIFIED individually this session (SEO.tsx가 자기 URL을 canonical로 설정하는 공통 컴포넌트 사용, 코드상 확인)","NOT_VERIFIED individually (robots.txt는 전체 허용, 페이지별 meta robots 미점검)","Y","항목을 직접 입력하거나 템플릿을 선택해 공정한 룰렛 결과를 만들 수 있습니다.","","NOT_VERIFIED_THIS_SESSION (구조만 확인, 브라우저 실행 검증 없음)","NOT_VERIFIED","","KEEP","P2","NOT_VERIFIED","TODO","","UNKNOWN"
"https://spinkorea.kr/spinflow-standalone","static_page","core","src/pages/*.tsx via src/App.tsx","NOT_VERIFIED (no live HTTP GET against production this session; dev server only)","","(site-pages.json에 항목 없음 — SEO 컴포넌트 인라인 title 사용 추정, NOT_VERIFIED)","NOT_VERIFIED individually this session (SEO.tsx가 자기 URL을 canonical로 설정하는 공통 컴포넌트 사용, 코드상 확인)","NOT_VERIFIED individually (robots.txt는 전체 허용, 페이지별 meta robots 미점검)","N (intentionally excluded, standalone embed variant)","","","NOT_VERIFIED_THIS_SESSION (구조만 확인, 브라우저 실행 검증 없음)","NOT_VERIFIED","","KEEP","P2","NOT_VERIFIED","TODO","","UNKNOWN"
"https://spinkorea.kr/lunch-menu","static_page","core","src/pages/*.tsx via src/App.tsx","NOT_VERIFIED (no live HTTP GET against production this session; dev server only)","","점심 메뉴 추천 룰렛 | 오늘 뭐 먹지 해결","NOT_VERIFIED individually this session (SEO.tsx가 자기 URL을 canonical로 설정하는 공통 컴포넌트 사용, 코드상 확인)","NOT_VERIFIED individually (robots.txt는 전체 허용, 페이지별 meta robots 미점검)","Y","직장인과 모임을 위한 점심 메뉴 선택 도구입니다.","","NOT_VERIFIED_THIS_SESSION (구조만 확인, 브라우저 실행 검증 없음)","NOT_VERIFIED","","KEEP","P2","NOT_VERIFIED","TODO","","UNKNOWN"
"https://spinkorea.kr/random-number","static_page","core","src/pages/*.tsx via src/App.tsx","NOT_VERIFIED (no live HTTP GET against production this session; dev server only)","","랜덤 숫자 뽑기 | 공정한 숫자 추첨기","NOT_VERIFIED individually this session (SEO.tsx가 자기 URL을 canonical로 설정하는 공통 컴포넌트 사용, 코드상 확인)","NOT_VERIFIED individually (robots.txt는 전체 허용, 페이지별 meta robots 미점검)","Y","추첨, 게임, 수업, 이벤트에 쓸 숫자를 공정하게 생성합니다.","","NOT_VERIFIED_THIS_SESSION (구조만 확인, 브라우저 실행 검증 없음)","NOT_VERIFIED","","KEEP","P2","NOT_VERIFIED","TODO","","UNKNOWN"
"https://spinkorea.kr/tools","tool_hub","core","src/pages/*.tsx via src/App.tsx","NOT_VERIFIED (no live HTTP GET against production this session; dev server only)","","무료 유틸리티 모음 51종 | SpinFlow — 계산기·변환·랜덤 도구","NOT_VERIFIED individually this session (SEO.tsx가 자기 URL을 canonical로 설정하는 공통 컴포넌트 사용, 코드상 확인)","NOT_VERIFIED individually (robots.txt는 전체 허용, 페이지별 meta robots 미점검)","Y","랜덤 추첨, 텍스트, 개발, 디자인, 계산 도구를 한 곳에서 사용할 수 있습니다.","","NOT_VERIFIED_THIS_SESSION (구조만 확인, 브라우저 실행 검증 없음)","NOT_VERIFIED","","KEEP","P2","NOT_VERIFIED","TODO","","UNKNOWN"
"https://spinkorea.kr/tools/lotto-generator","tool","tools","src/pages/tools/*.tsx via src/App.tsx","NOT_VERIFIED (no live HTTP GET against production this session; dev server only)","","로또 번호 생성기 | 무료 랜덤 번호 추첨","NOT_VERIFIED individually this session (SEO.tsx가 자기 URL을 canonical로 설정하는 공통 컴포넌트 사용, 코드상 확인)","NOT_VERIFIED individually (robots.txt는 전체 허용, 페이지별 meta robots 미점검)","Y","버튼 한 번으로 로또 번호 조합을 생성합니다.","ToolLayout 공통 구조 사용 확인(코드 리뷰), 개별 실행 미검증","NOT_VERIFIED_THIS_SESSION (구조만 확인, 브라우저 실행 검증 없음)","NOT_VERIFIED","","KEEP","P2","NOT_VERIFIED","TODO","","UNKNOWN"
"https://spinkorea.kr/tools/dice-roller","tool","tools","src/pages/tools/*.tsx via src/App.tsx","NOT_VERIFIED (no live HTTP GET against production this session; dev server only)","","주사위 던지기 | 온라인 랜덤 주사위","NOT_VERIFIED individually this session (SEO.tsx가 자기 URL을 canonical로 설정하는 공통 컴포넌트 사용, 코드상 확인)","NOT_VERIFIED individually (robots.txt는 전체 허용, 페이지별 meta robots 미점검)","Y","공정한 난수로 주사위 결과를 생성합니다.","ToolLayout 공통 구조 사용 확인(코드 리뷰), 개별 실행 미검증","NOT_VERIFIED_THIS_SESSION (구조만 확인, 브라우저 실행 검증 없음)","NOT_VERIFIED","","KEEP","P2","NOT_VERIFIED","TODO","","UNKNOWN"
"https://spinkorea.kr/tools/coin-flip","tool","tools","src/pages/tools/*.tsx via src/App.tsx","NOT_VERIFIED (no live HTTP GET against production this session; dev server only)","","동전 던지기 | 앞면 뒷면 랜덤 선택","NOT_VERIFIED individually this session (SEO.tsx가 자기 URL을 canonical로 설정하는 공통 컴포넌트 사용, 코드상 확인)","NOT_VERIFIED individually (robots.txt는 전체 허용, 페이지별 meta robots 미점검)","Y","간단한 양자택일을 빠르게 해결합니다.","ToolLayout 공통 구조 사용 확인(코드 리뷰), 개별 실행 미검증","NOT_VERIFIED_THIS_SESSION (구조만 확인, 브라우저 실행 검증 없음)","NOT_VERIFIED","","KEEP","P2","NOT_VERIFIED","TODO","","UNKNOWN"
"https://spinkorea.kr/tools/yes-no-oracle","tool","tools","src/pages/tools/*.tsx via src/App.tsx","NOT_VERIFIED (no live HTTP GET against production this session; dev server only)","","Yes or No 결정 도구 | 예 아니오 랜덤 선택","NOT_VERIFIED individually this session (SEO.tsx가 자기 URL을 canonical로 설정하는 공통 컴포넌트 사용, 코드상 확인)","NOT_VERIFIED individually (robots.txt는 전체 허용, 페이지별 meta robots 미점검)","Y","가벼운 선택을 빠르게 위임할 수 있습니다.","ToolLayout 공통 구조 사용 확인(코드 리뷰), 개별 실행 미검증","NOT_VERIFIED_THIS_SESSION (구조만 확인, 브라우저 실행 검증 없음)","NOT_VERIFIED","","KEEP","P2","NOT_VERIFIED","TODO","","UNKNOWN"
"https://spinkorea.kr/tools/random-team","tool","tools","src/pages/tools/*.tsx via src/App.tsx","NOT_VERIFIED (no live HTTP GET against production this session; dev server only)","","랜덤 팀 편성기 | 조 편성·팀 나누기","NOT_VERIFIED individually this session (SEO.tsx가 자기 URL을 canonical로 설정하는 공통 컴포넌트 사용, 코드상 확인)","NOT_VERIFIED individually (robots.txt는 전체 허용, 페이지별 meta robots 미점검)","Y","수업, 모임, 게임에서 팀을 자동으로 나눕니다.","ToolLayout 공통 구조 사용 확인(코드 리뷰), 개별 실행 미검증","NOT_VERIFIED_THIS_SESSION (구조만 확인, 브라우저 실행 검증 없음)","NOT_VERIFIED","","KEEP","P2","NOT_VERIFIED","TODO","","UNKNOWN"
"https://spinkorea.kr/tools/random-password","tool","tools","src/pages/tools/*.tsx via src/App.tsx","NOT_VERIFIED (no live HTTP GET against production this session; dev server only)","","비밀번호 생성기 | 안전한 랜덤 암호 만들기","NOT_VERIFIED individually this session (SEO.tsx가 자기 URL을 canonical로 설정하는 공통 컴포넌트 사용, 코드상 확인)","NOT_VERIFIED individually (robots.txt는 전체 허용, 페이지별 meta robots 미점검)","Y","브라우저에서 안전한 비밀번호를 즉시 생성합니다.","ToolLayout 공통 구조 사용 확인(코드 리뷰), 개별 실행 미검증","NOT_VERIFIED_THIS_SESSION (구조만 확인, 브라우저 실행 검증 없음)","NOT_VERIFIED","","KEEP","P2","NOT_VERIFIED","TODO","","UNKNOWN"
"https://spinkorea.kr/tools/text-counter","tool","tools","src/pages/tools/*.tsx via src/App.tsx","NOT_VERIFIED (no live HTTP GET against production this session; dev server only)","","글자수 세기 | 공백 포함·제외 문자수 계산","NOT_VERIFIED individually this session (SEO.tsx가 자기 URL을 canonical로 설정하는 공통 컴포넌트 사용, 코드상 확인)","NOT_VERIFIED individually (robots.txt는 전체 허용, 페이지별 meta robots 미점검)","Y","텍스트 길이와 단어 수를 즉시 확인합니다.","ToolLayout 공통 구조 사용 확인(코드 리뷰), 개별 실행 미검증","NOT_VERIFIED_THIS_SESSION (구조만 확인, 브라우저 실행 검증 없음)","NOT_VERIFIED","","KEEP","P2","NOT_VERIFIED","TODO","","UNKNOWN"
"https://spinkorea.kr/tools/case-converter","tool","tools","src/pages/tools/*.tsx via src/App.tsx","NOT_VERIFIED (no live HTTP GET against production this session; dev server only)","","대소문자 변환기 | 영문 케이스 변환","NOT_VERIFIED individually this session (SEO.tsx가 자기 URL을 canonical로 설정하는 공통 컴포넌트 사용, 코드상 확인)","NOT_VERIFIED individually (robots.txt는 전체 허용, 페이지별 meta robots 미점검)","Y","개발과 문서 작업에 필요한 케이스 변환을 지원합니다.","ToolLayout 공통 구조 사용 확인(코드 리뷰), 개별 실행 미검증","NOT_VERIFIED_THIS_SESSION (구조만 확인, 브라우저 실행 검증 없음)","NOT_VERIFIED","","KEEP","P2","NOT_VERIFIED","TODO","","UNKNOWN"
"https://spinkorea.kr/tools/lorem-ipsum","tool","tools","src/pages/tools/*.tsx via src/App.tsx","NOT_VERIFIED (no live HTTP GET against production this session; dev server only)","","로렘 입숨 생성기 | 더미 텍스트 만들기","NOT_VERIFIED individually this session (SEO.tsx가 자기 URL을 canonical로 설정하는 공통 컴포넌트 사용, 코드상 확인)","NOT_VERIFIED individually (robots.txt는 전체 허용, 페이지별 meta robots 미점검)","Y","문단 수를 선택해 더미 텍스트를 만듭니다.","ToolLayout 공통 구조 사용 확인(코드 리뷰), 개별 실행 미검증","NOT_VERIFIED_THIS_SESSION (구조만 확인, 브라우저 실행 검증 없음)","NOT_VERIFIED","","KEEP","P2","NOT_VERIFIED","TODO","","UNKNOWN"
"https://spinkorea.kr/tools/json-formatter","tool","tools","src/pages/tools/*.tsx via src/App.tsx","NOT_VERIFIED (no live HTTP GET against production this session; dev server only)","","JSON 포맷터 | JSON 정렬·압축·검사","NOT_VERIFIED individually this session (SEO.tsx가 자기 URL을 canonical로 설정하는 공통 컴포넌트 사용, 코드상 확인)","NOT_VERIFIED individually (robots.txt는 전체 허용, 페이지별 meta robots 미점검)","Y","복잡한 JSON을 읽기 쉽게 정리합니다.","ToolLayout 공통 구조 사용 확인(코드 리뷰), 개별 실행 미검증","NOT_VERIFIED_THIS_SESSION (구조만 확인, 브라우저 실행 검증 없음)","NOT_VERIFIED","","KEEP","P2","NOT_VERIFIED","TODO","","UNKNOWN"
"https://spinkorea.kr/tools/uri-encoder","tool","tools","src/pages/tools/*.tsx via src/App.tsx","NOT_VERIFIED (no live HTTP GET against production this session; dev server only)","","URL 인코더 | URI 인코딩·디코딩","NOT_VERIFIED individually this session (SEO.tsx가 자기 URL을 canonical로 설정하는 공통 컴포넌트 사용, 코드상 확인)","NOT_VERIFIED individually (robots.txt는 전체 허용, 페이지별 meta robots 미점검)","Y","링크와 쿼리 문자열을 변환합니다.","ToolLayout 공통 구조 사용 확인(코드 리뷰), 개별 실행 미검증","NOT_VERIFIED_THIS_SESSION (구조만 확인, 브라우저 실행 검증 없음)","NOT_VERIFIED","","KEEP","P2","NOT_VERIFIED","TODO","","UNKNOWN"
"https://spinkorea.kr/tools/base64-encoder","tool","tools","src/pages/tools/*.tsx via src/App.tsx","NOT_VERIFIED (no live HTTP GET against production this session; dev server only)","","Base64 변환기 | 인코딩·디코딩","NOT_VERIFIED individually this session (SEO.tsx가 자기 URL을 canonical로 설정하는 공통 컴포넌트 사용, 코드상 확인)","NOT_VERIFIED individually (robots.txt는 전체 허용, 페이지별 meta robots 미점검)","Y","API 테스트와 데이터 변환에 유용한 도구입니다.","ToolLayout 공통 구조 사용 확인(코드 리뷰), 개별 실행 미검증","NOT_VERIFIED_THIS_SESSION (구조만 확인, 브라우저 실행 검증 없음)","NOT_VERIFIED","","KEEP","P2","NOT_VERIFIED","TODO","","UNKNOWN"
"https://spinkorea.kr/tools/age-calculator","tool","tools","src/pages/tools/*.tsx via src/App.tsx","NOT_VERIFIED (no live HTTP GET against production this session; dev server only)","","나이 계산기 | 만 나이·생일 계산","NOT_VERIFIED individually this session (SEO.tsx가 자기 URL을 canonical로 설정하는 공통 컴포넌트 사용, 코드상 확인)","NOT_VERIFIED individually (robots.txt는 전체 허용, 페이지별 meta robots 미점검)","Y","만 나이와 생일 정보를 빠르게 확인합니다.","ToolLayout 공통 구조 사용 확인(코드 리뷰), 개별 실행 미검증","NOT_VERIFIED_THIS_SESSION (구조만 확인, 브라우저 실행 검증 없음)","NOT_VERIFIED","","KEEP","P2","NOT_VERIFIED","TODO","","UNKNOWN"
"https://spinkorea.kr/tools/bmi-calculator","tool","tools","src/pages/tools/*.tsx via src/App.tsx","NOT_VERIFIED (no live HTTP GET against production this session; dev server only)","","BMI 계산기 | 체질량지수 계산","NOT_VERIFIED individually this session (SEO.tsx가 자기 URL을 canonical로 설정하는 공통 컴포넌트 사용, 코드상 확인)","NOT_VERIFIED individually (robots.txt는 전체 허용, 페이지별 meta robots 미점검)","Y","체질량지수를 간단히 계산합니다.","ToolLayout 공통 구조 사용 확인(코드 리뷰), 개별 실행 미검증","NOT_VERIFIED_THIS_SESSION (구조만 확인, 브라우저 실행 검증 없음)","NOT_VERIFIED","","KEEP","P2","NOT_VERIFIED","TODO","","UNKNOWN"
"https://spinkorea.kr/tools/color-converter","tool","tools","src/pages/tools/*.tsx via src/App.tsx","NOT_VERIFIED (no live HTTP GET against production this session; dev server only)","","색상 변환기 | HEX RGB HSL 변환","NOT_VERIFIED individually this session (SEO.tsx가 자기 URL을 canonical로 설정하는 공통 컴포넌트 사용, 코드상 확인)","NOT_VERIFIED individually (robots.txt는 전체 허용, 페이지별 meta robots 미점검)","Y","디자인과 개발에 필요한 색상 값을 변환합니다.","ToolLayout 공통 구조 사용 확인(코드 리뷰), 개별 실행 미검증","NOT_VERIFIED_THIS_SESSION (구조만 확인, 브라우저 실행 검증 없음)","NOT_VERIFIED","","KEEP","P2","NOT_VERIFIED","TODO","","UNKNOWN"
"https://spinkorea.kr/tools/css-shadow-generator","tool","tools","src/pages/tools/*.tsx via src/App.tsx","NOT_VERIFIED (no live HTTP GET against production this session; dev server only)","","CSS 그림자 생성기 | Box Shadow 만들기","NOT_VERIFIED individually this session (SEO.tsx가 자기 URL을 canonical로 설정하는 공통 컴포넌트 사용, 코드상 확인)","NOT_VERIFIED individually (robots.txt는 전체 허용, 페이지별 meta robots 미점검)","Y","카드와 버튼에 사용할 그림자 코드를 만듭니다.","ToolLayout 공통 구조 사용 확인(코드 리뷰), 개별 실행 미검증","NOT_VERIFIED_THIS_SESSION (구조만 확인, 브라우저 실행 검증 없음)","NOT_VERIFIED","","KEEP","P2","NOT_VERIFIED","TODO","","UNKNOWN"
"https://spinkorea.kr/tools/d-day-counter","tool","tools","src/pages/tools/*.tsx via src/App.tsx","NOT_VERIFIED (no live HTTP GET against production this session; dev server only)","","D-Day 카운터 | 기념일·목표일 계산","NOT_VERIFIED individually this session (SEO.tsx가 자기 URL을 canonical로 설정하는 공통 컴포넌트 사용, 코드상 확인)","NOT_VERIFIED individually (robots.txt는 전체 허용, 페이지별 meta robots 미점검)","Y","중요한 날짜까지 남은 시간을 확인합니다.","ToolLayout 공통 구조 사용 확인(코드 리뷰), 개별 실행 미검증","NOT_VERIFIED_THIS_SESSION (구조만 확인, 브라우저 실행 검증 없음)","NOT_VERIFIED","","KEEP","P2","NOT_VERIFIED","TODO","","UNKNOWN"
"https://spinkorea.kr/tools/diff-checker","tool","tools","src/pages/tools/*.tsx via src/App.tsx","NOT_VERIFIED (no live HTTP GET against production this session; dev server only)","","Diff 비교 도구 | 텍스트 차이 확인","NOT_VERIFIED individually this session (SEO.tsx가 자기 URL을 canonical로 설정하는 공통 컴포넌트 사용, 코드상 확인)","NOT_VERIFIED individually (robots.txt는 전체 허용, 페이지별 meta robots 미점검)","Y","문서와 코드 변경점을 빠르게 확인합니다.","ToolLayout 공통 구조 사용 확인(코드 리뷰), 개별 실행 미검증","NOT_VERIFIED_THIS_SESSION (구조만 확인, 브라우저 실행 검증 없음)","NOT_VERIFIED","","KEEP","P2","NOT_VERIFIED","TODO","","UNKNOWN"
"https://spinkorea.kr/tools/markdown-previewer","tool","tools","src/pages/tools/*.tsx via src/App.tsx","NOT_VERIFIED (no live HTTP GET against production this session; dev server only)","","마크다운 프리뷰어 | Markdown 실시간 미리보기","NOT_VERIFIED individually this session (SEO.tsx가 자기 URL을 canonical로 설정하는 공통 컴포넌트 사용, 코드상 확인)","NOT_VERIFIED individually (robots.txt는 전체 허용, 페이지별 meta robots 미점검)","Y","README와 블로그 초안을 빠르게 확인합니다.","ToolLayout 공통 구조 사용 확인(코드 리뷰), 개별 실행 미검증","NOT_VERIFIED_THIS_SESSION (구조만 확인, 브라우저 실행 검증 없음)","NOT_VERIFIED","","KEEP","P2","NOT_VERIFIED","TODO","","UNKNOWN"
"https://spinkorea.kr/tools/percentage-calculator","tool","tools","src/pages/tools/*.tsx via src/App.tsx","NOT_VERIFIED (no live HTTP GET against production this session; dev server only)","","퍼센트 계산기 | 할인율·증감률 계산","NOT_VERIFIED individually this session (SEO.tsx가 자기 URL을 canonical로 설정하는 공통 컴포넌트 사용, 코드상 확인)","NOT_VERIFIED individually (robots.txt는 전체 허용, 페이지별 meta robots 미점검)","Y","일상 계산에 자주 쓰는 퍼센트를 계산합니다.","ToolLayout 공통 구조 사용 확인(코드 리뷰), 개별 실행 미검증","NOT_VERIFIED_THIS_SESSION (구조만 확인, 브라우저 실행 검증 없음)","NOT_VERIFIED","","KEEP","P2","NOT_VERIFIED","TODO","","UNKNOWN"
"https://spinkorea.kr/tools/qr-code-generator","tool","tools","src/pages/tools/*.tsx via src/App.tsx","NOT_VERIFIED (no live HTTP GET against production this session; dev server only)","","QR 코드 생성기 | URL을 QR로 변환","NOT_VERIFIED individually this session (SEO.tsx가 자기 URL을 canonical로 설정하는 공통 컴포넌트 사용, 코드상 확인)","NOT_VERIFIED individually (robots.txt는 전체 허용, 페이지별 meta robots 미점검)","Y","공유용 QR 코드를 브라우저에서 생성합니다.","ToolLayout 공통 구조 사용 확인(코드 리뷰), 개별 실행 미검증","NOT_VERIFIED_THIS_SESSION (구조만 확인, 브라우저 실행 검증 없음)","NOT_VERIFIED","","KEEP","P2","NOT_VERIFIED","TODO","","UNKNOWN"
"https://spinkorea.kr/tools/time-calculator","tool","tools","src/pages/tools/*.tsx via src/App.tsx","NOT_VERIFIED (no live HTTP GET against production this session; dev server only)","","시간 계산기 | 시간 더하기·빼기","NOT_VERIFIED individually this session (SEO.tsx가 자기 URL을 canonical로 설정하는 공통 컴포넌트 사용, 코드상 확인)","NOT_VERIFIED individually (robots.txt는 전체 허용, 페이지별 meta robots 미점검)","Y","업무와 일정 관리를 위한 시간 계산 도구입니다.","ToolLayout 공통 구조 사용 확인(코드 리뷰), 개별 실행 미검증","NOT_VERIFIED_THIS_SESSION (구조만 확인, 브라우저 실행 검증 없음)","NOT_VERIFIED","","KEEP","P2","NOT_VERIFIED","TODO","","UNKNOWN"
"https://spinkorea.kr/tools/unit-converter","tool","tools","src/pages/tools/*.tsx via src/App.tsx","NOT_VERIFIED (no live HTTP GET against production this session; dev server only)","","단위 변환기 | 길이·무게·온도 변환","NOT_VERIFIED individually this session (SEO.tsx가 자기 URL을 canonical로 설정하는 공통 컴포넌트 사용, 코드상 확인)","NOT_VERIFIED individually (robots.txt는 전체 허용, 페이지별 meta robots 미점검)","Y","일상과 업무에 필요한 단위 변환을 지원합니다.","ToolLayout 공통 구조 사용 확인(코드 리뷰), 개별 실행 미검증","NOT_VERIFIED_THIS_SESSION (구조만 확인, 브라우저 실행 검증 없음)","NOT_VERIFIED","","KEEP","P2","NOT_VERIFIED","TODO","","UNKNOWN"
"https://spinkorea.kr/tools/unix-timestamp","tool","tools","src/pages/tools/*.tsx via src/App.tsx","NOT_VERIFIED (no live HTTP GET against production this session; dev server only)","","Unix 타임스탬프 변환기 | 날짜 변환","NOT_VERIFIED individually this session (SEO.tsx가 자기 URL을 canonical로 설정하는 공통 컴포넌트 사용, 코드상 확인)","NOT_VERIFIED individually (robots.txt는 전체 허용, 페이지별 meta robots 미점검)","Y","시간 값을 개발자 친화적인 형식으로 변환합니다.","ToolLayout 공통 구조 사용 확인(코드 리뷰), 개별 실행 미검증","NOT_VERIFIED_THIS_SESSION (구조만 확인, 브라우저 실행 검증 없음)","NOT_VERIFIED","","KEEP","P2","NOT_VERIFIED","TODO","","UNKNOWN"
"https://spinkorea.kr/tools/timer","tool","tools","src/pages/tools/*.tsx via src/App.tsx","NOT_VERIFIED (no live HTTP GET against production this session; dev server only)","","타이머 | 카운트다운·스톱워치·뽀모도로","NOT_VERIFIED individually this session (SEO.tsx가 자기 URL을 canonical로 설정하는 공통 컴포넌트 사용, 코드상 확인)","NOT_VERIFIED individually (robots.txt는 전체 허용, 페이지별 meta robots 미점검)","Y","집중 작업, 휴식, 요리 등 다양한 상황에서 쓰는 타이머 도구입니다.","ToolLayout 공통 구조 사용 확인(코드 리뷰), 개별 실행 미검증","NOT_VERIFIED_THIS_SESSION (구조만 확인, 브라우저 실행 검증 없음)","NOT_VERIFIED","","KEEP","P2","NOT_VERIFIED","TODO","","UNKNOWN"
"https://spinkorea.kr/tools/hourly-wage","tool","tools","src/pages/tools/*.tsx via src/App.tsx","NOT_VERIFIED (no live HTTP GET against production this session; dev server only)","","시급 계산기 | 일급·월급·연봉 자동 계산","NOT_VERIFIED individually this session (SEO.tsx가 자기 URL을 canonical로 설정하는 공통 컴포넌트 사용, 코드상 확인)","NOT_VERIFIED individually (robots.txt는 전체 허용, 페이지별 meta robots 미점검)","Y","시급·월급·연봉을 빠르게 환산합니다.","ToolLayout 공통 구조 사용 확인(코드 리뷰), 개별 실행 미검증","PRIOR_SESSION_VERIFIED (2026-08-28, see PROJECT_STATE.md); not re-tested this session","CONFIRMED","","KEEP","P2","CONFIRMED","DONE (this session)","2026-09-12","UNKNOWN"
"https://spinkorea.kr/tools/loan-calculator","tool","tools","src/pages/tools/*.tsx via src/App.tsx","NOT_VERIFIED (no live HTTP GET against production this session; dev server only)","","대출 이자·상환금 계산기 | 원리금균등·원금균등","NOT_VERIFIED individually this session (SEO.tsx가 자기 URL을 canonical로 설정하는 공통 컴포넌트 사용, 코드상 확인)","NOT_VERIFIED individually (robots.txt는 전체 허용, 페이지별 meta robots 미점검)","Y","대출 이자와 월 상환금을 빠르게 계산합니다.","ToolLayout 공통 구조 사용 확인(코드 리뷰), 개별 실행 미검증","NOT_VERIFIED_THIS_SESSION (구조만 확인, 브라우저 실행 검증 없음)","NOT_VERIFIED","","KEEP","P2","NOT_VERIFIED","TODO","","UNKNOWN"
"https://spinkorea.kr/tools/jeonse-converter","tool","tools","src/pages/tools/*.tsx via src/App.tsx","NOT_VERIFIED (no live HTTP GET against production this session; dev server only)","","전월세 전환 계산기 | 전세→월세 월세→전세 변환","NOT_VERIFIED individually this session (SEO.tsx가 자기 URL을 canonical로 설정하는 공통 컴포넌트 사용, 코드상 확인)","NOT_VERIFIED individually (robots.txt는 전체 허용, 페이지별 meta robots 미점검)","Y","전세와 월세 보증금을 빠르게 상호 환산합니다.","ToolLayout 공통 구조 사용 확인(코드 리뷰), 개별 실행 미검증","NOT_VERIFIED_THIS_SESSION (구조만 확인, 브라우저 실행 검증 없음)","NOT_VERIFIED","","KEEP","P2","NOT_VERIFIED","TODO","","UNKNOWN"
"https://spinkorea.kr/tools/compound-interest","tool","tools","src/pages/tools/*.tsx via src/App.tsx","NOT_VERIFIED (no live HTTP GET against production this session; dev server only)","","복리 계산기 | 예금·적금 만기금액 이자 계산","NOT_VERIFIED individually this session (SEO.tsx가 자기 URL을 canonical로 설정하는 공통 컴포넌트 사용, 코드상 확인)","NOT_VERIFIED individually (robots.txt는 전체 허용, 페이지별 meta robots 미점검)","Y","예금·적금의 복리 만기금액과 이자 수익을 계산합니다.","ToolLayout 공통 구조 사용 확인(코드 리뷰), 개별 실행 미검증","NOT_VERIFIED_THIS_SESSION (구조만 확인, 브라우저 실행 검증 없음)","NOT_VERIFIED","","KEEP","P2","NOT_VERIFIED","TODO","","UNKNOWN"
"https://spinkorea.kr/tools/severance-pay","tool","tools","src/pages/tools/*.tsx via src/App.tsx","NOT_VERIFIED (no live HTTP GET against production this session; dev server only)","","퇴직금 계산기 | 법정 퇴직금 자동 계산","NOT_VERIFIED individually this session (SEO.tsx가 자기 URL을 canonical로 설정하는 공통 컴포넌트 사용, 코드상 확인)","NOT_VERIFIED individually (robots.txt는 전체 허용, 페이지별 meta robots 미점검)","Y","근속기간과 평균임금으로 법정 퇴직금을 계산합니다.","ToolLayout 공통 구조 사용 확인(코드 리뷰), 개별 실행 미검증","CODE_REVIEWED_NOT_BROWSER_TESTED_2026-09-12: formula matches 근로기준법 공식, not executed in browser this session","CONFIRMED","","KEEP","P2","CONFIRMED","DONE (this session)","2026-09-12","UNKNOWN"
"https://spinkorea.kr/tools/annual-leave","tool","tools","src/pages/tools/*.tsx via src/App.tsx","NOT_VERIFIED (no live HTTP GET against production this session; dev server only)","","연차 계산기 | 연차일수·잔여연차·연차수당 자동 계산","NOT_VERIFIED individually this session (SEO.tsx가 자기 URL을 canonical로 설정하는 공통 컴포넌트 사용, 코드상 확인)","NOT_VERIFIED individually (robots.txt는 전체 허용, 페이지별 meta robots 미점검)","Y","발생 연차와 미사용 연차수당을 빠르게 계산합니다.","ToolLayout 공통 구조 사용 확인(코드 리뷰), 개별 실행 미검증","NOT_VERIFIED_THIS_SESSION (구조만 확인, 브라우저 실행 검증 없음)","NOT_VERIFIED","","KEEP","P2","NOT_VERIFIED","TODO","","UNKNOWN"
"https://spinkorea.kr/tools/net-salary","tool","tools","src/pages/tools/*.tsx via src/App.tsx","NOT_VERIFIED (no live HTTP GET against production this session; dev server only)","","연봉 실수령액 계산기 | 4대보험·소득세 공제 후 월급","NOT_VERIFIED individually this session (SEO.tsx가 자기 URL을 canonical로 설정하는 공통 컴포넌트 사용, 코드상 확인)","NOT_VERIFIED individually (robots.txt는 전체 허용, 페이지별 meta robots 미점검)","Y","4대보험과 소득세를 공제한 실제 수령 월급을 계산합니다.","ToolLayout 공통 구조 사용 확인(코드 리뷰), 개별 실행 미검증","TESTED_LIVE_DEV_2026-09-12: rates/labels verified consistent after fix; browser console clean except pre-existing label-less input a11y issue","CONFIRMED","","IMPROVE","P0","CONFIRMED","DONE (2026-09-12: 2026년 4대보험 요율 반영, 출처/검토일 표기 추가)","2026-09-12","UNKNOWN"
"https://spinkorea.kr/tools/calorie-calculator","tool","tools","src/pages/tools/*.tsx via src/App.tsx","NOT_VERIFIED (no live HTTP GET against production this session; dev server only)","","칼로리 계산기 | 기초대사량(BMR)·일일 권장 칼로리","NOT_VERIFIED individually this session (SEO.tsx가 자기 URL을 canonical로 설정하는 공통 컴포넌트 사용, 코드상 확인)","NOT_VERIFIED individually (robots.txt는 전체 허용, 페이지별 meta robots 미점검)","Y","BMR과 TDEE로 다이어트·유지·증량 목표 칼로리를 계산합니다.","ToolLayout 공통 구조 사용 확인(코드 리뷰), 개별 실행 미검증","NOT_VERIFIED_THIS_SESSION (구조만 확인, 브라우저 실행 검증 없음)","NOT_VERIFIED","","KEEP","P2","NOT_VERIFIED","TODO","","UNKNOWN"
"https://spinkorea.kr/tools/body-fat","tool","tools","src/pages/tools/*.tsx via src/App.tsx","NOT_VERIFIED (no live HTTP GET against production this session; dev server only)","","체지방률 계산기 | Navy Method 체성분 분석","NOT_VERIFIED individually this session (SEO.tsx가 자기 URL을 canonical로 설정하는 공통 컴포넌트 사용, 코드상 확인)","NOT_VERIFIED individually (robots.txt는 전체 허용, 페이지별 meta robots 미점검)","Y","Navy Method로 체지방률과 체성분을 분석합니다.","ToolLayout 공통 구조 사용 확인(코드 리뷰), 개별 실행 미검증","NOT_VERIFIED_THIS_SESSION (구조만 확인, 브라우저 실행 검증 없음)","NOT_VERIFIED","","KEEP","P2","NOT_VERIFIED","TODO","","UNKNOWN"
"https://spinkorea.kr/tools/sleep-calculator","tool","tools","src/pages/tools/*.tsx via src/App.tsx","NOT_VERIFIED (no live HTTP GET against production this session; dev server only)","","수면 계산기 | 90분 사이클 최적 기상·취침 시각","NOT_VERIFIED individually this session (SEO.tsx가 자기 URL을 canonical로 설정하는 공통 컴포넌트 사용, 코드상 확인)","NOT_VERIFIED individually (robots.txt는 전체 허용, 페이지별 meta robots 미점검)","Y","90분 수면 사이클 기준 최적 기상·취침 시각을 계산합니다.","ToolLayout 공통 구조 사용 확인(코드 리뷰), 개별 실행 미검증","TESTED_LIVE_DEV_2026-09-12: renders correctly after disclaimer edit; browser console clean","CONFIRMED","","IMPROVE","P1","CONFIRMED","DONE (2026-09-12: 90분 고정 주기 단정 표현에 개인차 안내 추가)","2026-09-12","UNKNOWN"
"https://spinkorea.kr/tools/vat-calculator","tool","tools","src/pages/tools/*.tsx via src/App.tsx","NOT_VERIFIED (no live HTTP GET against production this session; dev server only)","","부가세 계산기 | 공급가액·부가세·공급대가 자동 계산","NOT_VERIFIED individually this session (SEO.tsx가 자기 URL을 canonical로 설정하는 공통 컴포넌트 사용, 코드상 확인)","NOT_VERIFIED individually (robots.txt는 전체 허용, 페이지별 meta robots 미점검)","Y","공급가액↔세금포함 금액 환산, 부가세(10%) 자동 계산.","ToolLayout 공통 구조 사용 확인(코드 리뷰), 개별 실행 미검증","NOT_VERIFIED_THIS_SESSION (구조만 확인, 브라우저 실행 검증 없음)","NOT_VERIFIED","","KEEP","P2","NOT_VERIFIED","TODO","","UNKNOWN"
"https://spinkorea.kr/tools/area-converter","tool","tools","src/pages/tools/*.tsx via src/App.tsx","NOT_VERIFIED (no live HTTP GET against production this session; dev server only)","","평수 계산기 | 평↔m²↔ft² 면적 변환","NOT_VERIFIED individually this session (SEO.tsx가 자기 URL을 canonical로 설정하는 공통 컴포넌트 사용, 코드상 확인)","NOT_VERIFIED individually (robots.txt는 전체 허용, 페이지별 meta robots 미점검)","Y","평↔m²↔ft² 면적 상호 변환, 아파트 평형별 바로 보기 제공.","ToolLayout 공통 구조 사용 확인(코드 리뷰), 개별 실행 미검증","NOT_VERIFIED_THIS_SESSION (구조만 확인, 브라우저 실행 검증 없음)","NOT_VERIFIED","","KEEP","P2","NOT_VERIFIED","TODO","","UNKNOWN"
"https://spinkorea.kr/tools/date-calculator","tool","tools","src/pages/tools/*.tsx via src/App.tsx","NOT_VERIFIED (no live HTTP GET against production this session; dev server only)","","날짜 계산기 | 두 날짜 사이 기간 일·주·개월·년 계산","NOT_VERIFIED individually this session (SEO.tsx가 자기 URL을 canonical로 설정하는 공통 컴포넌트 사용, 코드상 확인)","NOT_VERIFIED individually (robots.txt는 전체 허용, 페이지별 meta robots 미점검)","Y","두 날짜 사이 일수·주·개월·년 기간 계산, 계약/근무 기간 확인.","ToolLayout 공통 구조 사용 확인(코드 리뷰), 개별 실행 미검증","NOT_VERIFIED_THIS_SESSION (구조만 확인, 브라우저 실행 검증 없음)","NOT_VERIFIED","","KEEP","P2","NOT_VERIFIED","TODO","","UNKNOWN"
"https://spinkorea.kr/tools/margin-calculator","tool","tools","src/pages/tools/*.tsx via src/App.tsx","NOT_VERIFIED (no live HTTP GET against production this session; dev server only)","","마진율 계산기 | 원가·판매가·마진율 자동 계산","NOT_VERIFIED individually this session (SEO.tsx가 자기 URL을 canonical로 설정하는 공통 컴포넌트 사용, 코드상 확인)","NOT_VERIFIED individually (robots.txt는 전체 허용, 페이지별 meta robots 미점검)","Y","원가·판매가·마진율 3방향 계산, 마크업률 동시 확인.","ToolLayout 공통 구조 사용 확인(코드 리뷰), 개별 실행 미검증","NOT_VERIFIED_THIS_SESSION (구조만 확인, 브라우저 실행 검증 없음)","NOT_VERIFIED","","KEEP","P2","NOT_VERIFIED","TODO","","UNKNOWN"
"https://spinkorea.kr/tools/discount-calculator","tool","tools","src/pages/tools/*.tsx via src/App.tsx","NOT_VERIFIED (no live HTTP GET against production this session; dev server only)","","할인율 계산기 | 정가·할인율·할인가·절약 금액 계산","NOT_VERIFIED individually this session (SEO.tsx가 자기 URL을 canonical로 설정하는 공통 컴포넌트 사용, 코드상 확인)","NOT_VERIFIED individually (robots.txt는 전체 허용, 페이지별 meta robots 미점검)","Y","정가·할인율·할인가 3방향 계산, 절약 금액 자동 표시.","ToolLayout 공통 구조 사용 확인(코드 리뷰), 개별 실행 미검증","NOT_VERIFIED_THIS_SESSION (구조만 확인, 브라우저 실행 검증 없음)","NOT_VERIFIED","","KEEP","P2","NOT_VERIFIED","TODO","","UNKNOWN"
"https://spinkorea.kr/tools/calorie-burn","tool","tools","src/pages/tools/*.tsx via src/App.tsx","NOT_VERIFIED (no live HTTP GET against production this session; dev server only)","","칼로리 소모 계산기 | 운동별 소모 칼로리·지방 연소량","NOT_VERIFIED individually this session (SEO.tsx가 자기 URL을 canonical로 설정하는 공통 컴포넌트 사용, 코드상 확인)","NOT_VERIFIED individually (robots.txt는 전체 허용, 페이지별 meta robots 미점검)","Y","MET 기반 운동별 소모 칼로리와 지방 연소량 계산.","ToolLayout 공통 구조 사용 확인(코드 리뷰), 개별 실행 미검증","NOT_VERIFIED_THIS_SESSION (구조만 확인, 브라우저 실행 검증 없음)","NOT_VERIFIED","","KEEP","P2","NOT_VERIFIED","TODO","","UNKNOWN"
"https://spinkorea.kr/tools/dutch-pay","tool","tools","src/pages/tools/*.tsx via src/App.tsx","NOT_VERIFIED (no live HTTP GET against production this session; dev server only)","","더치페이 계산기 | 총 금액 n명 분할·1인당 금액 계산","NOT_VERIFIED individually this session (SEO.tsx가 자기 URL을 canonical로 설정하는 공통 컴포넌트 사용, 코드상 확인)","NOT_VERIFIED individually (robots.txt는 전체 허용, 페이지별 meta robots 미점검)","Y","총 금액을 n명으로 나눠 1인당 금액 계산. 할인 차감 지원.","ToolLayout 공통 구조 사용 확인(코드 리뷰), 개별 실행 미검증","NOT_VERIFIED_THIS_SESSION (구조만 확인, 브라우저 실행 검증 없음)","NOT_VERIFIED","","KEEP","P2","NOT_VERIFIED","TODO","","UNKNOWN"
"https://spinkorea.kr/tools/speed-calculator","tool","tools","src/pages/tools/*.tsx via src/App.tsx","NOT_VERIFIED (no live HTTP GET against production this session; dev server only)","","속도 계산기 | 거리·시간·속도 3방향 계산","NOT_VERIFIED individually this session (SEO.tsx가 자기 URL을 canonical로 설정하는 공통 컴포넌트 사용, 코드상 확인)","NOT_VERIFIED individually (robots.txt는 전체 허용, 페이지별 meta robots 미점검)","Y","거리·시간·속도 3방향 계산, km/h↔m/s↔mph 변환.","ToolLayout 공통 구조 사용 확인(코드 리뷰), 개별 실행 미검증","NOT_VERIFIED_THIS_SESSION (구조만 확인, 브라우저 실행 검증 없음)","NOT_VERIFIED","","KEEP","P2","NOT_VERIFIED","TODO","","UNKNOWN"
"https://spinkorea.kr/tools/base-converter","tool","tools","src/pages/tools/*.tsx via src/App.tsx","NOT_VERIFIED (no live HTTP GET against production this session; dev server only)","","진법 변환기 | 2진수·8진수·10진수·16진수 상호 변환","NOT_VERIFIED individually this session (SEO.tsx가 자기 URL을 canonical로 설정하는 공통 컴포넌트 사용, 코드상 확인)","NOT_VERIFIED individually (robots.txt는 전체 허용, 페이지별 meta robots 미점검)","Y","2·8·10·16진수 상호 변환, 프리픽스(0b/0x) 포함 표시.","ToolLayout 공통 구조 사용 확인(코드 리뷰), 개별 실행 미검증","NOT_VERIFIED_THIS_SESSION (구조만 확인, 브라우저 실행 검증 없음)","NOT_VERIFIED","","KEEP","P2","NOT_VERIFIED","TODO","","UNKNOWN"
"https://spinkorea.kr/tools/water-intake","tool","tools","src/pages/tools/*.tsx via src/App.tsx","NOT_VERIFIED (no live HTTP GET against production this session; dev server only)","","수분 섭취량 계산기 | 체중·활동량별 하루 권장 물 섭취량","NOT_VERIFIED individually this session (SEO.tsx가 자기 URL을 canonical로 설정하는 공통 컴포넌트 사용, 코드상 확인)","NOT_VERIFIED individually (robots.txt는 전체 허용, 페이지별 meta robots 미점검)","Y","체중×활동 계수로 하루 권장 수분량 계산. 잔·병 수로 표시.","ToolLayout 공통 구조 사용 확인(코드 리뷰), 개별 실행 미검증","NOT_VERIFIED_THIS_SESSION (구조만 확인, 브라우저 실행 검증 없음)","NOT_VERIFIED","","KEEP","P2","NOT_VERIFIED","TODO","","UNKNOWN"
"https://spinkorea.kr/tools/fuel-economy","tool","tools","src/pages/tools/*.tsx via src/App.tsx","NOT_VERIFIED (no live HTTP GET against production this session; dev server only)","","연비 계산기 | 주행거리·연비·연료비 자동 계산","NOT_VERIFIED individually this session (SEO.tsx가 자기 URL을 canonical로 설정하는 공통 컴포넌트 사용, 코드상 확인)","NOT_VERIFIED individually (robots.txt는 전체 허용, 페이지별 meta robots 미점검)","Y","연비·연료비·주유량 3방향 계산, 유가 프리셋 지원.","ToolLayout 공통 구조 사용 확인(코드 리뷰), 개별 실행 미검증","NOT_VERIFIED_THIS_SESSION (구조만 확인, 브라우저 실행 검증 없음)","NOT_VERIFIED","","KEEP","P2","NOT_VERIFIED","TODO","","UNKNOWN"
"https://spinkorea.kr/tools/statistics-calculator","tool","tools","src/pages/tools/*.tsx via src/App.tsx","NOT_VERIFIED (no live HTTP GET against production this session; dev server only)","","통계 계산기 | 평균·중앙값·표준편차·분산 한번에 계산","NOT_VERIFIED individually this session (SEO.tsx가 자기 URL을 canonical로 설정하는 공통 컴포넌트 사용, 코드상 확인)","NOT_VERIFIED individually (robots.txt는 전체 허용, 페이지별 meta robots 미점검)","Y","개수·합계·평균·중앙값·표준편차 등 10가지 통계량 동시 계산.","ToolLayout 공통 구조 사용 확인(코드 리뷰), 개별 실행 미검증","NOT_VERIFIED_THIS_SESSION (구조만 확인, 브라우저 실행 검증 없음)","NOT_VERIFIED","","KEEP","P2","NOT_VERIFIED","TODO","","UNKNOWN"
"https://spinkorea.kr/tools/uuid-generator","tool","tools","src/pages/tools/*.tsx via src/App.tsx","NOT_VERIFIED (no live HTTP GET against production this session; dev server only)","","UUID 생성기 | UUID v4 온라인 무료 생성","NOT_VERIFIED individually this session (SEO.tsx가 자기 URL을 canonical로 설정하는 공통 컴포넌트 사용, 코드상 확인)","NOT_VERIFIED individually (robots.txt는 전체 허용, 페이지별 meta robots 미점검)","Y","UUID v4 최대 10개 즉시 생성, 개별·전체 복사 지원.","ToolLayout 공통 구조 사용 확인(코드 리뷰), 개별 실행 미검증","NOT_VERIFIED_THIS_SESSION (구조만 확인, 브라우저 실행 검증 없음)","NOT_VERIFIED","","KEEP","P2","NOT_VERIFIED","TODO","","UNKNOWN"
"https://spinkorea.kr/tools/ideal-weight","tool","tools","src/pages/tools/*.tsx via src/App.tsx","NOT_VERIFIED (no live HTTP GET against production this session; dev server only)","","이상 체중 계산기 | BMI·Broca·Hamwi 공식 비교","NOT_VERIFIED individually this session (SEO.tsx가 자기 URL을 canonical로 설정하는 공통 컴포넌트 사용, 코드상 확인)","NOT_VERIFIED individually (robots.txt는 전체 허용, 페이지별 meta robots 미점검)","Y","BMI·Broca·Hamwi 세 공식으로 이상 체중 범위 비교.","ToolLayout 공통 구조 사용 확인(코드 리뷰), 개별 실행 미검증","NOT_VERIFIED_THIS_SESSION (구조만 확인, 브라우저 실행 검증 없음)","NOT_VERIFIED","","KEEP","P2","NOT_VERIFIED","TODO","","UNKNOWN"
"https://spinkorea.kr/tools/roi-calculator","tool","tools","src/pages/tools/*.tsx via src/App.tsx","NOT_VERIFIED (no live HTTP GET against production this session; dev server only)","","투자 수익률 계산기 | ROI·CAGR·목표 금액 계산","NOT_VERIFIED individually this session (SEO.tsx가 자기 URL을 canonical로 설정하는 공통 컴포넌트 사용, 코드상 확인)","NOT_VERIFIED individually (robots.txt는 전체 허용, 페이지별 meta robots 미점검)","Y","ROI·CAGR·목표 금액 세 가지 모드 투자 수익 계산.","ToolLayout 공통 구조 사용 확인(코드 리뷰), 개별 실행 미검증","NOT_VERIFIED_THIS_SESSION (구조만 확인, 브라우저 실행 검증 없음)","NOT_VERIFIED","","KEEP","P2","NOT_VERIFIED","TODO","","UNKNOWN"
"https://spinkorea.kr/tools/word-frequency","tool","tools","src/pages/tools/*.tsx via src/App.tsx","NOT_VERIFIED (no live HTTP GET against production this session; dev server only)","","단어 빈도 분석기 | 텍스트 키워드 빈도 분석","NOT_VERIFIED individually this session (SEO.tsx가 자기 URL을 canonical로 설정하는 공통 컴포넌트 사용, 코드상 확인)","NOT_VERIFIED individually (robots.txt는 전체 허용, 페이지별 meta robots 미점검)","Y","텍스트에서 단어 빈도 TOP N 분석, 불용어 제거 지원.","ToolLayout 공통 구조 사용 확인(코드 리뷰), 개별 실행 미검증","NOT_VERIFIED_THIS_SESSION (구조만 확인, 브라우저 실행 검증 없음)","NOT_VERIFIED","","KEEP","P2","NOT_VERIFIED","TODO","","UNKNOWN"
"https://spinkorea.kr/privacy","static_page","core","src/pages/*.tsx via src/App.tsx","NOT_VERIFIED (no live HTTP GET against production this session; dev server only)","","개인정보처리방침 | SpinFlow","NOT_VERIFIED individually this session (SEO.tsx가 자기 URL을 canonical로 설정하는 공통 컴포넌트 사용, 코드상 확인)","NOT_VERIFIED individually (robots.txt는 전체 허용, 페이지별 meta robots 미점검)","Y","사용자 개인정보와 브라우저 저장 데이터 처리 방침입니다.","","NOT_VERIFIED_THIS_SESSION (구조만 확인, 브라우저 실행 검증 없음)","NOT_VERIFIED","","KEEP","P2","NOT_VERIFIED","TODO","","UNKNOWN"
"https://spinkorea.kr/terms","static_page","core","src/pages/*.tsx via src/App.tsx","NOT_VERIFIED (no live HTTP GET against production this session; dev server only)","","이용약관 | SpinFlow","NOT_VERIFIED individually this session (SEO.tsx가 자기 URL을 canonical로 설정하는 공통 컴포넌트 사용, 코드상 확인)","NOT_VERIFIED individually (robots.txt는 전체 허용, 페이지별 meta robots 미점검)","Y","서비스 이용에 필요한 기본 약관입니다.","","NOT_VERIFIED_THIS_SESSION (구조만 확인, 브라우저 실행 검증 없음)","NOT_VERIFIED","","KEEP","P2","NOT_VERIFIED","TODO","","UNKNOWN"
"https://spinkorea.kr/about","static_page","core","src/pages/*.tsx via src/App.tsx","NOT_VERIFIED (no live HTTP GET against production this session; dev server only)","","SpinFlow 소개 | 무료 결정 도구·생활 유틸리티 51종","NOT_VERIFIED individually this session (SEO.tsx가 자기 URL을 canonical로 설정하는 공통 컴포넌트 사용, 코드상 확인)","NOT_VERIFIED individually (robots.txt는 전체 허용, 페이지별 meta robots 미점검)","Y","설치 없이 사용할 수 있는 결정 도구와 생활 유틸리티를 제공합니다.","","NOT_VERIFIED_THIS_SESSION (구조만 확인, 브라우저 실행 검증 없음)","NOT_VERIFIED","","KEEP","P2","NOT_VERIFIED","TODO","","UNKNOWN"
"https://spinkorea.kr/faq","static_page","core","src/pages/*.tsx via src/App.tsx","NOT_VERIFIED (no live HTTP GET against production this session; dev server only)","","자주 묻는 질문 (FAQ) | SpinFlow","NOT_VERIFIED individually this session (SEO.tsx가 자기 URL을 canonical로 설정하는 공통 컴포넌트 사용, 코드상 확인)","NOT_VERIFIED individually (robots.txt는 전체 허용, 페이지별 meta robots 미점검)","Y","서비스 이용 전 확인할 수 있는 핵심 질문을 정리했습니다.","","NOT_VERIFIED_THIS_SESSION (구조만 확인, 브라우저 실행 검증 없음)","NOT_VERIFIED","","KEEP","P2","NOT_VERIFIED","TODO","","UNKNOWN"
"https://spinkorea.kr/contact","static_page","core","src/pages/*.tsx via src/App.tsx","NOT_VERIFIED (no live HTTP GET against production this session; dev server only)","","문의하기 | SpinFlow","NOT_VERIFIED individually this session (SEO.tsx가 자기 URL을 canonical로 설정하는 공통 컴포넌트 사용, 코드상 확인)","NOT_VERIFIED individually (robots.txt는 전체 허용, 페이지별 meta robots 미점검)","Y","서비스 개선 제안과 오류 제보를 받습니다.","","TESTED_LIVE_DEV_2026-09-12: renders correctly after copy fix; browser console clean","CONFIRMED","","IMPROVE","P1","CONFIRMED","DONE (2026-09-12: 실체 없는 운영 문의 채널 문구를 GitHub Issues 단일 채널로 명확화)","2026-09-12","UNKNOWN"
"https://spinkorea.kr/blog","blog_hub","blog","src/pages/*.tsx via src/App.tsx","NOT_VERIFIED (no live HTTP GET against production this session; dev server only)","","블로그 - 룰렛·생산성·도구 활용 가이드 | SpinFlow","NOT_VERIFIED individually this session (SEO.tsx가 자기 URL을 canonical로 설정하는 공통 컴포넌트 사용, 코드상 확인)","NOT_VERIFIED individually (robots.txt는 전체 허용, 페이지별 meta robots 미점검)","Y","결정과 생산성을 돕는 실용 가이드를 제공합니다.","","NOT_VERIFIED_THIS_SESSION (구조만 확인, 브라우저 실행 검증 없음)","NOT_VERIFIED","","KEEP","P2","NOT_VERIFIED","TODO","","UNKNOWN"
"https://spinkorea.kr/blog/overcome-decision-fatigue","blog_post","blog_curated","src/data/posts.tsx","NOT_VERIFIED (dev server only this session)","","결정 장애(Decision Fatigue)를 극복하는 3가지 과학적인 방법","NOT_VERIFIED individually (SEO.tsx self-canonical pattern)","index,follow (per PROJECT_STATE.md curated-post policy; not re-verified per-URL this session)","Y","","","NOT_VERIFIED_THIS_SESSION","NOT_VERIFIED","","KEEP","P2","NOT_VERIFIED","TODO","","UNKNOWN"
"https://spinkorea.kr/blog/bmi-healthy-weight-guide","blog_post","blog_curated","src/data/posts.tsx","NOT_VERIFIED (dev server only this session)","","BMI 계산기로 알아보는 건강한 체중 관리의 모든 것","NOT_VERIFIED individually (SEO.tsx self-canonical pattern)","index,follow (per PROJECT_STATE.md curated-post policy; not re-verified per-URL this session)","Y","","","NOT_VERIFIED_THIS_SESSION","NOT_VERIFIED","","KEEP","P2","NOT_VERIFIED","TODO","","UNKNOWN"
"https://spinkorea.kr/blog/password-security-guide","blog_post","blog_curated","src/data/posts.tsx","NOT_VERIFIED (dev server only this session)","","강력한 비밀번호 만들기: 해킹으로부터 계정을 지키는 완벽 가이드","NOT_VERIFIED individually (SEO.tsx self-canonical pattern)","index,follow (per PROJECT_STATE.md curated-post policy; not re-verified per-URL this session)","Y","","","IMPROVE 적용: 3~6개월 주기 변경 권고 문구를 NIST 최신 기준(유출 시에만 변경)으로 수정","CONFIRMED","비밀번호 만들기 가이드 중복군 (password-security-guide + strong-password-guide, F5 참조)","MERGE_CANDIDATE","P1","CONFIRMED (두 글 목차·구조 대조로 확인, 문단 단위 대조는 미실시)","DONE (2026-09-12)","2026-09-12","UNKNOWN"
"https://spinkorea.kr/blog/color-code-complete-guide","blog_post","blog_curated","src/data/posts.tsx","NOT_VERIFIED (dev server only this session)","","색상 코드 완벽 가이드: HEX, RGB, HSL 이해하기","NOT_VERIFIED individually (SEO.tsx self-canonical pattern)","index,follow (per PROJECT_STATE.md curated-post policy; not re-verified per-URL this session)","Y","","","NOT_VERIFIED_THIS_SESSION","NOT_VERIFIED","","KEEP","P2","NOT_VERIFIED","TODO","","UNKNOWN"
"https://spinkorea.kr/blog/time-management-productivity","blog_post","blog_curated","src/data/posts.tsx","NOT_VERIFIED (dev server only this session)","","시간 관리의 기술: 생산성을 2배로 높이는 실전 전략","NOT_VERIFIED individually (SEO.tsx self-canonical pattern)","index,follow (per PROJECT_STATE.md curated-post policy; not re-verified per-URL this session)","Y","","","NOT_VERIFIED_THIS_SESSION","NOT_VERIFIED","","KEEP","P2","NOT_VERIFIED","TODO","","UNKNOWN"
"https://spinkorea.kr/blog/random-choice-psychology","blog_post","blog_curated","src/data/posts.tsx","NOT_VERIFIED (dev server only this session)","","랜덤 선택의 심리학: 왜 우리는 결정을 위임하고 싶어하는가","NOT_VERIFIED individually (SEO.tsx self-canonical pattern)","index,follow (per PROJECT_STATE.md curated-post policy; not re-verified per-URL this session)","Y","","","NOT_VERIFIED_THIS_SESSION","NOT_VERIFIED","","KEEP","P2","NOT_VERIFIED","TODO","","UNKNOWN"
"https://spinkorea.kr/blog/digital-wellbeing-tips","blog_post","blog_curated","src/data/posts.tsx","NOT_VERIFIED (dev server only this session)","","디지털 웰빙: 스마트폰과 건강하게 공존하는 7가지 방법","NOT_VERIFIED individually (SEO.tsx self-canonical pattern)","index,follow (per PROJECT_STATE.md curated-post policy; not re-verified per-URL this session)","Y","","","NOT_VERIFIED_THIS_SESSION","NOT_VERIFIED","","KEEP","P2","NOT_VERIFIED","TODO","","UNKNOWN"
"https://spinkorea.kr/blog/qr-code-guide","blog_post","blog_curated","src/data/posts.tsx","NOT_VERIFIED (dev server only this session)","","QR 코드 완벽 가이드: 원리부터 활용까지","NOT_VERIFIED individually (SEO.tsx self-canonical pattern)","index,follow (per PROJECT_STATE.md curated-post policy; not re-verified per-URL this session)","Y","","","NOT_VERIFIED_THIS_SESSION","NOT_VERIFIED","","KEEP","P2","NOT_VERIFIED","TODO","","UNKNOWN"
"https://spinkorea.kr/blog/json-for-beginners","blog_post","blog_curated","src/data/posts.tsx","NOT_VERIFIED (dev server only this session)","","JSON 완벽 이해: 개발자가 아니어도 알아야 하는 데이터 형식","NOT_VERIFIED individually (SEO.tsx self-canonical pattern)","index,follow (per PROJECT_STATE.md curated-post policy; not re-verified per-URL this session)","Y","","","NOT_VERIFIED_THIS_SESSION","NOT_VERIFIED","","KEEP","P2","NOT_VERIFIED","TODO","","UNKNOWN"
"https://spinkorea.kr/blog/dday-calculator-life-hacks","blog_post","blog_curated","src/data/posts.tsx","NOT_VERIFIED (dev server only this session)","","D-Day 계산기 200% 활용법: 목표 달성의 비밀 무기","NOT_VERIFIED individually (SEO.tsx self-canonical pattern)","index,follow (per PROJECT_STATE.md curated-post policy; not re-verified per-URL this session)","Y","","","NOT_VERIFIED_THIS_SESSION","NOT_VERIFIED","","KEEP","P2","NOT_VERIFIED","TODO","","UNKNOWN"
"https://spinkorea.kr/blog/qr-code-generator-guide","blog_post","blog_curated","src/data/posts.tsx","NOT_VERIFIED (dev server only this session)","","무료 QR코드 생성기 완벽 가이드 - 링크를 QR코드로 5초 만에 변환","NOT_VERIFIED individually (SEO.tsx self-canonical pattern)","index,follow (per PROJECT_STATE.md curated-post policy; not re-verified per-URL this session)","Y","","","NOT_VERIFIED_THIS_SESSION","NOT_VERIFIED","","KEEP","P2","NOT_VERIFIED","TODO","","UNKNOWN"
"https://spinkorea.kr/blog/strong-password-guide","blog_post","blog_curated","src/data/posts.tsx","NOT_VERIFIED (dev server only this session)","","강력한 비밀번호 만들기 완벽 가이드 - 해킹에서 내 계정 지키는 법","NOT_VERIFIED individually (SEO.tsx self-canonical pattern)","index,follow (per PROJECT_STATE.md curated-post policy; not re-verified per-URL this session)","Y","","","IMPROVE 적용: 3~6개월 주기 변경 권고 문구를 NIST 최신 기준(유출 시에만 변경)으로 수정","CONFIRMED","비밀번호 만들기 가이드 중복군 (password-security-guide + strong-password-guide, F5 참조)","MERGE_CANDIDATE","P1","CONFIRMED (두 글 목차·구조 대조로 확인, 문단 단위 대조는 미실시)","DONE (2026-09-12)","2026-09-12","UNKNOWN"
"https://spinkorea.kr/blog/age-calculator-guide","blog_post","blog_curated","src/data/posts.tsx","NOT_VERIFIED (dev server only this session)","","만 나이 계산기 완벽 가이드: 만 나이·세는 나이·연 나이 한 번에 정리","NOT_VERIFIED individually (SEO.tsx self-canonical pattern)","index,follow (per PROJECT_STATE.md curated-post policy; not re-verified per-URL this session)","Y","","","NOT_VERIFIED_THIS_SESSION","NOT_VERIFIED","","KEEP","P2","NOT_VERIFIED","TODO","","UNKNOWN"
"https://spinkorea.kr/blog/lotto-number-strategy","blog_post","blog_curated","src/data/posts.tsx","NOT_VERIFIED (dev server only this session)","","로또 번호 생성기 완벽 가이드: 랜덤이 최선인 이유","NOT_VERIFIED individually (SEO.tsx self-canonical pattern)","index,follow (per PROJECT_STATE.md curated-post policy; not re-verified per-URL this session)","Y","","","NOT_VERIFIED_THIS_SESSION","NOT_VERIFIED","","KEEP","P2","NOT_VERIFIED","TODO","","UNKNOWN"
"https://spinkorea.kr/blog/text-counter-guide","blog_post","blog_curated","src/data/posts.tsx","NOT_VERIFIED (dev server only this session)","","글자수 세기 완벽 가이드: 자소서·SNS·유튜브 최적 글자수","NOT_VERIFIED individually (SEO.tsx self-canonical pattern)","index,follow (per PROJECT_STATE.md curated-post policy; not re-verified per-URL this session)","Y","","","NOT_VERIFIED_THIS_SESSION","NOT_VERIFIED","","KEEP","P2","NOT_VERIFIED","TODO","","UNKNOWN"
"https://spinkorea.kr/blog/percentage-calculator-guide","blog_post","blog_curated","src/data/posts.tsx","NOT_VERIFIED (dev server only this session)","","퍼센트 계산기 완벽 가이드: 할인율·세금·인상률 빠르게 계산","NOT_VERIFIED individually (SEO.tsx self-canonical pattern)","index,follow (per PROJECT_STATE.md curated-post policy; not re-verified per-URL this session)","Y","","","NOT_VERIFIED_THIS_SESSION","NOT_VERIFIED","","KEEP","P2","NOT_VERIFIED","TODO","","UNKNOWN"
"https://spinkorea.kr/blog/unit-converter-guide","blog_post","blog_curated","src/data/posts.tsx","NOT_VERIFIED (dev server only this session)","","단위 변환기 완벽 가이드: km↔mile, kg↔lb, °C↔°F 빠른 변환","NOT_VERIFIED individually (SEO.tsx self-canonical pattern)","index,follow (per PROJECT_STATE.md curated-post policy; not re-verified per-URL this session)","Y","","","NOT_VERIFIED_THIS_SESSION","NOT_VERIFIED","","KEEP","P2","NOT_VERIFIED","TODO","","UNKNOWN"
"https://spinkorea.kr/blog/random-team-building","blog_post","blog_curated","src/data/posts.tsx","NOT_VERIFIED (dev server only this session)","","랜덤 팀 편성의 힘: 공정하고 빠른 팀 나누기 완벽 가이드","NOT_VERIFIED individually (SEO.tsx self-canonical pattern)","index,follow (per PROJECT_STATE.md curated-post policy; not re-verified per-URL this session)","Y","","","NOT_VERIFIED_THIS_SESSION","NOT_VERIFIED","","KEEP","P2","NOT_VERIFIED","TODO","","UNKNOWN"
"https://spinkorea.kr/blog/dice-coin-online","blog_post","blog_curated","src/data/posts.tsx","NOT_VERIFIED (dev server only this session)","","온라인 주사위·동전 던지기: 실제보다 더 공정한 디지털 랜덤","NOT_VERIFIED individually (SEO.tsx self-canonical pattern)","index,follow (per PROJECT_STATE.md curated-post policy; not re-verified per-URL this session)","Y","","","NOT_VERIFIED_THIS_SESSION","NOT_VERIFIED","","KEEP","P2","NOT_VERIFIED","TODO","","UNKNOWN"
"https://spinkorea.kr/blog/json-formatter-guide","blog_post","blog_curated","src/data/posts.tsx","NOT_VERIFIED (dev server only this session)","","JSON 포맷터 완벽 가이드: 개발자라면 꼭 알아야 할 JSON 정리법","NOT_VERIFIED individually (SEO.tsx self-canonical pattern)","index,follow (per PROJECT_STATE.md curated-post policy; not re-verified per-URL this session)","Y","","","NOT_VERIFIED_THIS_SESSION","NOT_VERIFIED","","KEEP","P2","NOT_VERIFIED","TODO","","UNKNOWN"
"https://spinkorea.kr/blog/color-converter-guide","blog_post","blog_curated","src/data/posts.tsx","NOT_VERIFIED (dev server only this session)","","색상 코드 변환기 사용법: HEX·RGB·HSL 색상을 1초 만에 변환","NOT_VERIFIED individually (SEO.tsx self-canonical pattern)","index,follow (per PROJECT_STATE.md curated-post policy; not re-verified per-URL this session)","Y","","","NOT_VERIFIED_THIS_SESSION","NOT_VERIFIED","","KEEP","P2","NOT_VERIFIED","TODO","","UNKNOWN"
"https://spinkorea.kr/blog/bmi-calculator-guide","blog_post","blog_curated","src/data/posts.tsx","NOT_VERIFIED (dev server only this session)","","BMI 계산기 완벽 활용: 정상 체중 범위와 건강 목표 설정법","NOT_VERIFIED individually (SEO.tsx self-canonical pattern)","index,follow (per PROJECT_STATE.md curated-post policy; not re-verified per-URL this session)","Y","","","NOT_VERIFIED_THIS_SESSION","NOT_VERIFIED","","KEEP","P2","NOT_VERIFIED","TODO","","UNKNOWN"
"https://spinkorea.kr/blog/d-day-counter-guide","blog_post","blog_curated","src/data/posts.tsx","NOT_VERIFIED (dev server only this session)","","D-Day 카운터 활용법: 목표·기념일·마감일 한 눈에 관리","NOT_VERIFIED individually (SEO.tsx self-canonical pattern)","index,follow (per PROJECT_STATE.md curated-post policy; not re-verified per-URL this session)","Y","","","NOT_VERIFIED_THIS_SESSION","NOT_VERIFIED","","KEEP","P2","NOT_VERIFIED","TODO","","UNKNOWN"
"https://spinkorea.kr/blog/coin-flip-guide","blog_post","blog_curated","src/data/posts.tsx","NOT_VERIFIED (dev server only this session)","","동전 던지기로 결정 내리기: 심리학이 말하는 최고의 결정법","NOT_VERIFIED individually (SEO.tsx self-canonical pattern)","index,follow (per PROJECT_STATE.md curated-post policy; not re-verified per-URL this session)","Y","","","NOT_VERIFIED_THIS_SESSION","NOT_VERIFIED","","KEEP","P2","NOT_VERIFIED","TODO","","UNKNOWN"
"https://spinkorea.kr/blog/time-calculator-guide","blog_post","blog_curated","src/data/posts.tsx","NOT_VERIFIED (dev server only this session)","","시간 계산기 완벽 가이드: 근무시간·포모도로·시간대 계산","NOT_VERIFIED individually (SEO.tsx self-canonical pattern)","index,follow (per PROJECT_STATE.md curated-post policy; not re-verified per-URL this session)","Y","","","NOT_VERIFIED_THIS_SESSION","NOT_VERIFIED","","KEEP","P2","NOT_VERIFIED","TODO","","UNKNOWN"
"https://spinkorea.kr/blog/lorem-ipsum-guide","blog_post","blog_curated","src/data/posts.tsx","NOT_VERIFIED (dev server only this session)","","로렘 입숨 완벽 가이드: UI 디자이너·개발자 필수 더미 텍스트","NOT_VERIFIED individually (SEO.tsx self-canonical pattern)","index,follow (per PROJECT_STATE.md curated-post policy; not re-verified per-URL this session)","Y","","","NOT_VERIFIED_THIS_SESSION","NOT_VERIFIED","","KEEP","P2","NOT_VERIFIED","TODO","","UNKNOWN"
"https://spinkorea.kr/blog/markdown-guide","blog_post","blog_curated","src/data/posts.tsx","NOT_VERIFIED (dev server only this session)","","마크다운 완벽 가이드: 깃허브·블로그·노션에서 쓰는 기본 문법","NOT_VERIFIED individually (SEO.tsx self-canonical pattern)","index,follow (per PROJECT_STATE.md curated-post policy; not re-verified per-URL this session)","Y","","","NOT_VERIFIED_THIS_SESSION","NOT_VERIFIED","","KEEP","P2","NOT_VERIFIED","TODO","","UNKNOWN"
"https://spinkorea.kr/blog/css-shadow-guide","blog_post","blog_curated","src/data/posts.tsx","NOT_VERIFIED (dev server only this session)","","CSS Box Shadow 완벽 가이드: 버튼·카드에 입체감 주는 법","NOT_VERIFIED individually (SEO.tsx self-canonical pattern)","index,follow (per PROJECT_STATE.md curated-post policy; not re-verified per-URL this session)","Y","","","NOT_VERIFIED_THIS_SESSION","NOT_VERIFIED","","KEEP","P2","NOT_VERIFIED","TODO","","UNKNOWN"
"https://spinkorea.kr/blog/base64-guide","blog_post","blog_curated","src/data/posts.tsx","NOT_VERIFIED (dev server only this session)","","Base64 인코딩 완벽 가이드: 이미지 URL·API 인증에 쓰이는 이유","NOT_VERIFIED individually (SEO.tsx self-canonical pattern)","index,follow (per PROJECT_STATE.md curated-post policy; not re-verified per-URL this session)","Y","","","NOT_VERIFIED_THIS_SESSION","NOT_VERIFIED","","KEEP","P2","NOT_VERIFIED","TODO","","UNKNOWN"
"https://spinkorea.kr/blog/diff-checker-guide","blog_post","blog_curated","src/data/posts.tsx","NOT_VERIFIED (dev server only this session)","","Diff 비교 도구 활용법: 코드·문서 변경점을 한눈에 파악","NOT_VERIFIED individually (SEO.tsx self-canonical pattern)","index,follow (per PROJECT_STATE.md curated-post policy; not re-verified per-URL this session)","Y","","","NOT_VERIFIED_THIS_SESSION","NOT_VERIFIED","","KEEP","P2","NOT_VERIFIED","TODO","","UNKNOWN"
"https://spinkorea.kr/blog/uri-encoder-guide","blog_post","blog_curated","src/data/posts.tsx","NOT_VERIFIED (dev server only this session)","","URL 인코딩 완벽 가이드: 한글 주소가 %EC%95%88%EB%85%95이 되는 이유","NOT_VERIFIED individually (SEO.tsx self-canonical pattern)","index,follow (per PROJECT_STATE.md curated-post policy; not re-verified per-URL this session)","Y","","","NOT_VERIFIED_THIS_SESSION","NOT_VERIFIED","","KEEP","P2","NOT_VERIFIED","TODO","","UNKNOWN"
"https://spinkorea.kr/blog/unix-timestamp-guide","blog_post","blog_curated","src/data/posts.tsx","NOT_VERIFIED (dev server only this session)","","Unix 타임스탬프 완벽 가이드: 개발자가 시간을 숫자로 다루는 법","NOT_VERIFIED individually (SEO.tsx self-canonical pattern)","index,follow (per PROJECT_STATE.md curated-post policy; not re-verified per-URL this session)","Y","","","NOT_VERIFIED_THIS_SESSION","NOT_VERIFIED","","KEEP","P2","NOT_VERIFIED","TODO","","UNKNOWN"
"https://spinkorea.kr/blog/case-converter-guide","blog_post","blog_curated","src/data/posts.tsx","NOT_VERIFIED (dev server only this session)","","카멜케이스·스네이크케이스·파스칼케이스: 개발자 네이밍 컨벤션 완벽 정리","NOT_VERIFIED individually (SEO.tsx self-canonical pattern)","index,follow (per PROJECT_STATE.md curated-post policy; not re-verified per-URL this session)","Y","","","NOT_VERIFIED_THIS_SESSION","NOT_VERIFIED","","KEEP","P2","NOT_VERIFIED","TODO","","UNKNOWN"
"https://spinkorea.kr/blog/yes-no-oracle-guide","blog_post","blog_curated","src/data/posts.tsx","NOT_VERIFIED (dev server only this session)","","예스/노 신탁기: 결정을 못 내릴 때 랜덤이 도움이 되는 심리학적 이유","NOT_VERIFIED individually (SEO.tsx self-canonical pattern)","index,follow (per PROJECT_STATE.md curated-post policy; not re-verified per-URL this session)","Y","","","NOT_VERIFIED_THIS_SESSION","NOT_VERIFIED","","KEEP","P2","NOT_VERIFIED","TODO","","UNKNOWN"
"https://spinkorea.kr/blog/developer-tools-collection","blog_post","blog_curated","src/data/posts.tsx","NOT_VERIFIED (dev server only this session)","","개발자·기획자가 매일 쓰는 무료 온라인 도구 7선","NOT_VERIFIED individually (SEO.tsx self-canonical pattern)","index,follow (per PROJECT_STATE.md curated-post policy; not re-verified per-URL this session)","Y","","","NOT_VERIFIED_THIS_SESSION","NOT_VERIFIED","","KEEP","P2","NOT_VERIFIED","TODO","","UNKNOWN"
"https://spinkorea.kr/blog/random-number-science","blog_post","blog_curated","src/data/posts.tsx","NOT_VERIFIED (dev server only this session)","","진짜 랜덤이란 무엇인가: 컴퓨터는 어떻게 랜덤 숫자를 만드는가","NOT_VERIFIED individually (SEO.tsx self-canonical pattern)","index,follow (per PROJECT_STATE.md curated-post policy; not re-verified per-URL this session)","Y","","","NOT_VERIFIED_THIS_SESSION","NOT_VERIFIED","","KEEP","P2","NOT_VERIFIED","TODO","","UNKNOWN"
"https://spinkorea.kr/blog/burnout-prevention","blog_post","blog_curated","src/data/posts.tsx","NOT_VERIFIED (dev server only this session)","","번아웃 예방법: 쉬는 것도 기술이다","NOT_VERIFIED individually (SEO.tsx self-canonical pattern)","index,follow (per PROJECT_STATE.md curated-post policy; not re-verified per-URL this session)","Y","","","NOT_VERIFIED_THIS_SESSION","NOT_VERIFIED","","KEEP","P2","NOT_VERIFIED","TODO","","UNKNOWN"
"https://spinkorea.kr/blog/lotto-statistics","blog_post","blog_curated","src/data/posts.tsx","NOT_VERIFIED (dev server only this session)","","로또 번호 통계 분석: 자주 나오는 번호가 있을까?","NOT_VERIFIED individually (SEO.tsx self-canonical pattern)","index,follow (per PROJECT_STATE.md curated-post policy; not re-verified per-URL this session)","Y","","","NOT_VERIFIED_THIS_SESSION","NOT_VERIFIED","","KEEP","P2","NOT_VERIFIED","TODO","","UNKNOWN"
"https://spinkorea.kr/blog/pareto-principle","blog_post","blog_curated","src/data/posts.tsx","NOT_VERIFIED (dev server only this session)","","파레토 법칙(80/20 법칙)으로 하루를 설계하는 법","NOT_VERIFIED individually (SEO.tsx self-canonical pattern)","index,follow (per PROJECT_STATE.md curated-post policy; not re-verified per-URL this session)","Y","","","NOT_VERIFIED_THIS_SESSION","NOT_VERIFIED","","KEEP","P2","NOT_VERIFIED","TODO","","UNKNOWN"
"https://spinkorea.kr/blog/percentage-life-hacks","blog_post","blog_curated","src/data/posts.tsx","NOT_VERIFIED (dev server only this session)","","퍼센트 계산이 헷갈릴 때: 실생활 퍼센트 완전 정리","NOT_VERIFIED individually (SEO.tsx self-canonical pattern)","index,follow (per PROJECT_STATE.md curated-post policy; not re-verified per-URL this session)","Y","","","NOT_VERIFIED_THIS_SESSION","NOT_VERIFIED","","KEEP","P2","NOT_VERIFIED","TODO","","UNKNOWN"
"https://spinkorea.kr/blog/digital-minimalism","blog_post","blog_curated","src/data/posts.tsx","NOT_VERIFIED (dev server only this session)","","디지털 미니멀리즘: 앱 정리로 집중력 되찾기","NOT_VERIFIED individually (SEO.tsx self-canonical pattern)","index,follow (per PROJECT_STATE.md curated-post policy; not re-verified per-URL this session)","Y","","","NOT_VERIFIED_THIS_SESSION","NOT_VERIFIED","","KEEP","P2","NOT_VERIFIED","TODO","","UNKNOWN"
"https://spinkorea.kr/blog/unit-conversion-life","blog_post","blog_curated","src/data/posts.tsx","NOT_VERIFIED (dev server only this session)","","단위 변환 실전 가이드: cm·kg·°C를 자유자재로 다루는 법","NOT_VERIFIED individually (SEO.tsx self-canonical pattern)","index,follow (per PROJECT_STATE.md curated-post policy; not re-verified per-URL this session)","Y","","","NOT_VERIFIED_THIS_SESSION","NOT_VERIFIED","","KEEP","P2","NOT_VERIFIED","TODO","","UNKNOWN"
"https://spinkorea.kr/blog/pomodoro-technique","blog_post","blog_curated","src/data/posts.tsx","NOT_VERIFIED (dev server only this session)","","포모도로 기법 완벽 가이드: 25분의 기적","NOT_VERIFIED individually (SEO.tsx self-canonical pattern)","index,follow (per PROJECT_STATE.md curated-post policy; not re-verified per-URL this session)","Y","","","NOT_VERIFIED_THIS_SESSION","NOT_VERIFIED","","KEEP","P2","NOT_VERIFIED","TODO","","UNKNOWN"
"https://spinkorea.kr/blog/qr-code-uses","blog_post","blog_curated","src/data/posts.tsx","NOT_VERIFIED (dev server only this session)","","QR코드 200% 활용법: 명함·와이파이·결제까지","NOT_VERIFIED individually (SEO.tsx self-canonical pattern)","index,follow (per PROJECT_STATE.md curated-post policy; not re-verified per-URL this session)","Y","","","NOT_VERIFIED_THIS_SESSION","NOT_VERIFIED","","KEEP","P2","NOT_VERIFIED","TODO","","UNKNOWN"
"https://spinkorea.kr/blog/multitasking-myth","blog_post","blog_curated","src/data/posts.tsx","NOT_VERIFIED (dev server only this session)","","멀티태스킹은 없다: 단일 집중의 과학","NOT_VERIFIED individually (SEO.tsx self-canonical pattern)","index,follow (per PROJECT_STATE.md curated-post policy; not re-verified per-URL this session)","Y","","","NOT_VERIFIED_THIS_SESSION","NOT_VERIFIED","","KEEP","P2","NOT_VERIFIED","TODO","","UNKNOWN"
"https://spinkorea.kr/blog/markdown-writing","blog_post","blog_curated","src/data/posts.tsx","NOT_VERIFIED (dev server only this session)","","마크다운으로 글 쓰는 이유: 개발자·기획자의 노트 작성법","NOT_VERIFIED individually (SEO.tsx self-canonical pattern)","index,follow (per PROJECT_STATE.md curated-post policy; not re-verified per-URL this session)","Y","","","NOT_VERIFIED_THIS_SESSION","NOT_VERIFIED","","KEEP","P2","NOT_VERIFIED","TODO","","UNKNOWN"
"https://spinkorea.kr/blog/morning-routine","blog_post","blog_curated","src/data/posts.tsx","NOT_VERIFIED (dev server only this session)","","아침 루틴이 하루를 결정하는 이유","NOT_VERIFIED individually (SEO.tsx self-canonical pattern)","index,follow (per PROJECT_STATE.md curated-post policy; not re-verified per-URL this session)","Y","","","NOT_VERIFIED_THIS_SESSION","NOT_VERIFIED","","KEEP","P2","NOT_VERIFIED","TODO","","UNKNOWN"
"https://spinkorea.kr/blog/password-strength","blog_post","blog_curated","src/data/posts.tsx","NOT_VERIFIED (dev server only this session)","","비밀번호 강도 테스트: 내 비밀번호는 얼마나 안전한가","NOT_VERIFIED individually (SEO.tsx self-canonical pattern)","index,follow (per PROJECT_STATE.md curated-post policy; not re-verified per-URL this session)","Y","","","NOT_VERIFIED_THIS_SESSION","NOT_VERIFIED","","KEEP","P2","NOT_VERIFIED","TODO","","UNKNOWN"
"https://spinkorea.kr/blog/goal-setting-smart","blog_post","blog_curated","src/data/posts.tsx","NOT_VERIFIED (dev server only this session)","","목표 설정의 과학: SMART 목표 vs OKR — 무엇을 써야 하나","NOT_VERIFIED individually (SEO.tsx self-canonical pattern)","index,follow (per PROJECT_STATE.md curated-post policy; not re-verified per-URL this session)","Y","","","NOT_VERIFIED_THIS_SESSION","NOT_VERIFIED","","KEEP","P2","NOT_VERIFIED","TODO","","UNKNOWN"
"https://spinkorea.kr/blog/bmi-limitations","blog_post","blog_curated","src/data/posts.tsx","NOT_VERIFIED (dev server only this session)","","BMI 계산기의 한계: 숫자 너머의 건강 지표","NOT_VERIFIED individually (SEO.tsx self-canonical pattern)","index,follow (per PROJECT_STATE.md curated-post policy; not re-verified per-URL this session)","Y","","","NOT_VERIFIED_THIS_SESSION","NOT_VERIFIED","","KEEP","P2","NOT_VERIFIED","TODO","","UNKNOWN"
"https://spinkorea.kr/blog/fewer-meetings","blog_post","blog_curated","src/data/posts.tsx","NOT_VERIFIED (dev server only this session)","","회의를 줄이면 생산성이 늘어나는 이유","NOT_VERIFIED individually (SEO.tsx self-canonical pattern)","index,follow (per PROJECT_STATE.md curated-post policy; not re-verified per-URL this session)","Y","","","NOT_VERIFIED_THIS_SESSION","NOT_VERIFIED","","KEEP","P2","NOT_VERIFIED","TODO","","UNKNOWN"
"https://spinkorea.kr/blog/age-calculation-trivia","blog_post","blog_curated","src/data/posts.tsx","NOT_VERIFIED (dev server only this session)","","나이 계산기로 알아보는 흥미로운 시간의 사실들","NOT_VERIFIED individually (SEO.tsx self-canonical pattern)","index,follow (per PROJECT_STATE.md curated-post policy; not re-verified per-URL this session)","Y","","","NOT_VERIFIED_THIS_SESSION","NOT_VERIFIED","","KEEP","P2","NOT_VERIFIED","TODO","","UNKNOWN"
"https://spinkorea.kr/blog/sleep-optimization","blog_post","blog_curated","src/data/posts.tsx","NOT_VERIFIED (dev server only this session)","","잠 못 자는 현대인을 위한 수면 최적화 완벽 가이드","NOT_VERIFIED individually (SEO.tsx self-canonical pattern)","index,follow (per PROJECT_STATE.md curated-post policy; not re-verified per-URL this session)","Y","","","NOT_VERIFIED_THIS_SESSION","NOT_VERIFIED","","KEEP","P2","NOT_VERIFIED","TODO","","UNKNOWN"
"https://spinkorea.kr/blog/color-psychology","blog_post","blog_curated","src/data/posts.tsx","NOT_VERIFIED (dev server only this session)","","색상 심리학: 색이 감정과 행동에 미치는 영향","NOT_VERIFIED individually (SEO.tsx self-canonical pattern)","index,follow (per PROJECT_STATE.md curated-post policy; not re-verified per-URL this session)","Y","","","NOT_VERIFIED_THIS_SESSION","NOT_VERIFIED","","KEEP","P2","NOT_VERIFIED","TODO","","UNKNOWN"
"https://spinkorea.kr/blog/exercise-brain","blog_post","blog_curated","src/data/posts.tsx","NOT_VERIFIED (dev server only this session)","","운동이 뇌를 바꾼다: 신체 활동과 인지 기능의 관계","NOT_VERIFIED individually (SEO.tsx self-canonical pattern)","index,follow (per PROJECT_STATE.md curated-post policy; not re-verified per-URL this session)","Y","","","IMPROVE 적용: Duke/Stanford 연구 인용을 대상·조건 명시로 수정","CONFIRMED","","KEEP","P1","CONFIRMED","DONE (2026-09-12)","2026-09-12","UNKNOWN"
"https://spinkorea.kr/blog/lorem-ipsum-history","blog_post","blog_curated","src/data/posts.tsx","NOT_VERIFIED (dev server only this session)","","Lorem Ipsum의 비밀: 500년간 디자이너가 써온 텍스트의 정체","NOT_VERIFIED individually (SEO.tsx self-canonical pattern)","index,follow (per PROJECT_STATE.md curated-post policy; not re-verified per-URL this session)","Y","","","NOT_VERIFIED_THIS_SESSION","NOT_VERIFIED","","KEEP","P2","NOT_VERIFIED","TODO","","UNKNOWN"
"https://spinkorea.kr/blog/perfectionism-trap","blog_post","blog_curated","src/data/posts.tsx","NOT_VERIFIED (dev server only this session)","","완벽주의의 덫: 80점이 100점보다 나을 때","NOT_VERIFIED individually (SEO.tsx self-canonical pattern)","index,follow (per PROJECT_STATE.md curated-post policy; not re-verified per-URL this session)","Y","","","NOT_VERIFIED_THIS_SESSION","NOT_VERIFIED","","KEEP","P2","NOT_VERIFIED","TODO","","UNKNOWN"
"https://spinkorea.kr/blog/css-shadow-design","blog_post","blog_curated","src/data/posts.tsx","NOT_VERIFIED (dev server only this session)","","CSS box-shadow 마스터하기: 디자이너처럼 그림자 만들기","NOT_VERIFIED individually (SEO.tsx self-canonical pattern)","index,follow (per PROJECT_STATE.md curated-post policy; not re-verified per-URL this session)","Y","","","NOT_VERIFIED_THIS_SESSION","NOT_VERIFIED","","KEEP","P2","NOT_VERIFIED","TODO","","UNKNOWN"
"https://spinkorea.kr/blog/gratitude-journal","blog_post","blog_curated","src/data/posts.tsx","NOT_VERIFIED (dev server only this session)","","감사 일기의 효과: 5분으로 바꾸는 하루의 질","NOT_VERIFIED individually (SEO.tsx self-canonical pattern)","index,follow (per PROJECT_STATE.md curated-post policy; not re-verified per-URL this session)","Y","","","NOT_VERIFIED_THIS_SESSION","NOT_VERIFIED","","KEEP","P2","NOT_VERIFIED","TODO","","UNKNOWN"
"https://spinkorea.kr/blog/json-api-explained","blog_post","blog_curated","src/data/posts.tsx","NOT_VERIFIED (dev server only this session)","","API와 JSON: 앱들이 서로 대화하는 방법","NOT_VERIFIED individually (SEO.tsx self-canonical pattern)","index,follow (per PROJECT_STATE.md curated-post policy; not re-verified per-URL this session)","Y","","","NOT_VERIFIED_THIS_SESSION","NOT_VERIFIED","","KEEP","P2","NOT_VERIFIED","TODO","","UNKNOWN"
"https://spinkorea.kr/blog/success-habits","blog_post","blog_curated","src/data/posts.tsx","NOT_VERIFIED (dev server only this session)","","성공한 사람들의 공통 습관 5가지","NOT_VERIFIED individually (SEO.tsx self-canonical pattern)","index,follow (per PROJECT_STATE.md curated-post policy; not re-verified per-URL this session)","Y","","","NOT_VERIFIED_THIS_SESSION","NOT_VERIFIED","","KEEP","P2","NOT_VERIFIED","TODO","","UNKNOWN"
"https://spinkorea.kr/blog/dday-life-management","blog_post","blog_curated","src/data/posts.tsx","NOT_VERIFIED (dev server only this session)","","D-Day 카운터로 인생 관리하기: 중요한 날을 카운트다운으로","NOT_VERIFIED individually (SEO.tsx self-canonical pattern)","index,follow (per PROJECT_STATE.md curated-post policy; not re-verified per-URL this session)","Y","","","NOT_VERIFIED_THIS_SESSION","NOT_VERIFIED","","KEEP","P2","NOT_VERIFIED","TODO","","UNKNOWN"
"https://spinkorea.kr/blog/boundaries-relationship","blog_post","blog_curated","src/data/posts.tsx","NOT_VERIFIED (dev server only this session)","","인간관계에서 경계선(Boundary) 긋기의 중요성","NOT_VERIFIED individually (SEO.tsx self-canonical pattern)","index,follow (per PROJECT_STATE.md curated-post policy; not re-verified per-URL this session)","Y","","","NOT_VERIFIED_THIS_SESSION","NOT_VERIFIED","","KEEP","P2","NOT_VERIFIED","TODO","","UNKNOWN"
"https://spinkorea.kr/blog/text-analysis-basics","blog_post","blog_curated","src/data/posts.tsx","NOT_VERIFIED (dev server only this session)","","텍스트 분석의 기초: 글자수·단어수·문장수가 중요한 이유","NOT_VERIFIED individually (SEO.tsx self-canonical pattern)","index,follow (per PROJECT_STATE.md curated-post policy; not re-verified per-URL this session)","Y","","","NOT_VERIFIED_THIS_SESSION","NOT_VERIFIED","","KEEP","P2","NOT_VERIFIED","TODO","","UNKNOWN"
"https://spinkorea.kr/blog/focus-thieves","blog_post","blog_curated","src/data/posts.tsx","NOT_VERIFIED (dev server only this session)","","집중력 도둑 TOP 5와 차단 방법","NOT_VERIFIED individually (SEO.tsx self-canonical pattern)","index,follow (per PROJECT_STATE.md curated-post policy; not re-verified per-URL this session)","Y","","","NOT_VERIFIED_THIS_SESSION","NOT_VERIFIED","","KEEP","P2","NOT_VERIFIED","TODO","","UNKNOWN"
"https://spinkorea.kr/blog/work-hours-calculator","blog_post","blog_curated","src/data/posts.tsx","NOT_VERIFIED (dev server only this session)","","근무시간 계산기 활용법: 야근 수당부터 프리랜서 정산까지","NOT_VERIFIED individually (SEO.tsx self-canonical pattern)","index,follow (per PROJECT_STATE.md curated-post policy; not re-verified per-URL this session)","Y","","","NOT_VERIFIED_THIS_SESSION","NOT_VERIFIED","","KEEP","P2","NOT_VERIFIED","TODO","","UNKNOWN"
"https://spinkorea.kr/blog/note-taking-art","blog_post","blog_curated","src/data/posts.tsx","NOT_VERIFIED (dev server only this session)","","메모의 기술: 두 번째 뇌 만들기","NOT_VERIFIED individually (SEO.tsx self-canonical pattern)","index,follow (per PROJECT_STATE.md curated-post policy; not re-verified per-URL this session)","Y","","","NOT_VERIFIED_THIS_SESSION","NOT_VERIFIED","","KEEP","P2","NOT_VERIFIED","TODO","","UNKNOWN"
"https://spinkorea.kr/blog/dice-probability","blog_post","blog_curated","src/data/posts.tsx","NOT_VERIFIED (dev server only this session)","","주사위와 확률: 보드게임 뒤에 숨겨진 수학","NOT_VERIFIED individually (SEO.tsx self-canonical pattern)","index,follow (per PROJECT_STATE.md curated-post policy; not re-verified per-URL this session)","Y","","","NOT_VERIFIED_THIS_SESSION","NOT_VERIFIED","","KEEP","P2","NOT_VERIFIED","TODO","","UNKNOWN"
"https://spinkorea.kr/blog/five-second-rule","blog_post","blog_curated","src/data/posts.tsx","NOT_VERIFIED (dev server only this session)","","두려움을 행동으로 전환하는 5초의 법칙","NOT_VERIFIED individually (SEO.tsx self-canonical pattern)","index,follow (per PROJECT_STATE.md curated-post policy; not re-verified per-URL this session)","Y","","","NOT_VERIFIED_THIS_SESSION","NOT_VERIFIED","","KEEP","P2","NOT_VERIFIED","TODO","","UNKNOWN"
"https://spinkorea.kr/blog/url-shortener-tech","blog_post","blog_curated","src/data/posts.tsx","NOT_VERIFIED (dev server only this session)","","URL 단축기의 원리: 짧은 링크 뒤에 숨겨진 기술","NOT_VERIFIED individually (SEO.tsx self-canonical pattern)","index,follow (per PROJECT_STATE.md curated-post policy; not re-verified per-URL this session)","Y","","","NOT_VERIFIED_THIS_SESSION","NOT_VERIFIED","","KEEP","P2","NOT_VERIFIED","TODO","","UNKNOWN"
"https://spinkorea.kr/blog/google-calendar-tips","blog_post","blog_curated","src/data/posts.tsx","NOT_VERIFIED (dev server only this session)","","구글 캘린더 100% 활용법: 시간을 설계하는 방법","NOT_VERIFIED individually (SEO.tsx self-canonical pattern)","index,follow (per PROJECT_STATE.md curated-post policy; not re-verified per-URL this session)","Y","","","NOT_VERIFIED_THIS_SESSION","NOT_VERIFIED","","KEEP","P2","NOT_VERIFIED","TODO","","UNKNOWN"
"https://spinkorea.kr/blog/image-format-guide","blog_post","blog_curated","src/data/posts.tsx","NOT_VERIFIED (dev server only this session)","","이미지 포맷 완벽 가이드: JPG vs PNG vs WebP vs AVIF","NOT_VERIFIED individually (SEO.tsx self-canonical pattern)","index,follow (per PROJECT_STATE.md curated-post policy; not re-verified per-URL this session)","Y","","","NOT_VERIFIED_THIS_SESSION","NOT_VERIFIED","","KEEP","P2","NOT_VERIFIED","TODO","","UNKNOWN"
"https://spinkorea.kr/blog/ai-era-skills","blog_post","blog_curated","src/data/posts.tsx","NOT_VERIFIED (dev server only this session)","","AI 시대에 살아남는 스킬: 대체되지 않는 능력 5가지","NOT_VERIFIED individually (SEO.tsx self-canonical pattern)","index,follow (per PROJECT_STATE.md curated-post policy; not re-verified per-URL this session)","Y","","","IMPROVE 적용: 출처 없는 70% 절감 수치 삭제","CONFIRMED","","KEEP","P1","CONFIRMED","DONE (2026-09-12)","2026-09-12","UNKNOWN"
"https://spinkorea.kr/blog/text-formatting-situations","blog_post","blog_curated","src/data/posts.tsx","NOT_VERIFIED (dev server only this session)","","텍스트 변환이 필요한 의외의 상황 7가지","NOT_VERIFIED individually (SEO.tsx self-canonical pattern)","index,follow (per PROJECT_STATE.md curated-post policy; not re-verified per-URL this session)","Y","","","NOT_VERIFIED_THIS_SESSION","NOT_VERIFIED","","KEEP","P2","NOT_VERIFIED","TODO","","UNKNOWN"
"https://spinkorea.kr/blog/digital-nomad-tools","blog_post","blog_curated","src/data/posts.tsx","NOT_VERIFIED (dev server only this session)","","디지털 노마드의 생산성 도구 모음: 어디서든 일하는 법","NOT_VERIFIED individually (SEO.tsx self-canonical pattern)","index,follow (per PROJECT_STATE.md curated-post policy; not re-verified per-URL this session)","Y","","","NOT_VERIFIED_THIS_SESSION","NOT_VERIFIED","","KEEP","P2","NOT_VERIFIED","TODO","","UNKNOWN"
"https://spinkorea.kr/blog/calculator-vs-excel","blog_post","blog_curated","src/data/posts.tsx","NOT_VERIFIED (dev server only this session)","","온라인 계산기 vs 엑셀: 언제 무엇을 써야 하나","NOT_VERIFIED individually (SEO.tsx self-canonical pattern)","index,follow (per PROJECT_STATE.md curated-post policy; not re-verified per-URL this session)","Y","","","NOT_VERIFIED_THIS_SESSION","NOT_VERIFIED","","KEEP","P2","NOT_VERIFIED","TODO","","UNKNOWN"
"(다수 URL, 개별 미기재)","blog_post_generated_aggregate","blog_generated_noindex","src/data/post-metadata.generated.json + generated-content-chunks/*.json","NOT_VERIFIED","","(예약/생성 글 651건 — 집계 행, 개별 실사 없음)","noindex,follow (코드 정책상 curated 아닌 글은 noindex 유지, PROJECT_STATE.md 2026-08-28/08-30 항목 근거)","noindex,follow (코드 레벨 정책 확인, 전수 재검증 없음)","N (정책상 sitemap 제외 대상)","","","전수 미검토(이번 세션 범위 밖) — 향후 세션에서 표본 추출 사실확인 필요","NOT_VERIFIED","","HOLD","P2","NOT_VERIFIED","TODO","","UNKNOWN"
